{
  "server_base.js": {
    "total_requests": 300000,
    "total_time": 30029.648999940397,
    "ms_per_request": 0.10009882999980133
  },
  "server_no_validation.js": {
    "total_requests": 300000,
    "total_time": 29671.144999941218,
    "ms_per_request": 0.09890381666647073
  },
  "start_time": "2015-07-15T17:27:51.004Z"
}